Actual,Predicted,Date,Username,Tweet
neutral,neutral,28/2/2025 11:03,TMReserve,zulfarhan osman mother soldier son dignity tmrnews
negative,negative,8/11/2023 14:20,Pluviophiles19,dont deserve life muka pembunuh
negative,negative,2/3/2025 0:35,reefjrx,terbaik keputusan hakim makin ramai mungkin pembuli pemyeterika manusia lepas
neutral,neutral,3/11/2021 0:34,MuhdSuk11794604,alfatihah dibaca tajwid
neutral,neutral,2/11/2021 7:37,GeorgeGerald,upnm student find guilty culpable homicide death zulfarhan osman
neutral,neutral,3/6/2017 12:16,HigherEdTopNews,higher education ministry view zulfarhan osmans via
neutral,neutral,31/7/2019 3:49,snoraien,sorang kenapa bebas sesiapa jelaskan faham
neutral,neutral,3/11/2021 0:34,MuhdSuk11794604,alfatihah dibaca tajwid
positive,positive,23/7/2024 20:50,Izzatiizzlyn,alhamdulillahallah pernah tidur
negative,negative,23/7/2024 9:30,hazlamiharun1,patutnya warden ketika kejadian tuu ambil tindakan
neutral,neutral,3/12/2019 12:38,NST_Online,nstnation fourth accuse trial involve murder national defence university malaysia upnm cadet officer zulfarhan osman zulkarnain claim know steam iron use interrogation hot
positive,positive,8/11/2024 3:46,eemrun97,upnm dah start restrict penggunaan seterika dekat kolej biar berantai bilik gosok baju tiap kali nak pakai kena tulis nama prevention better cure bcus get hand need serious action take
negative,negative,1/3/2025 0:02,illyiarazak,bodohnya pakar patut ditekap seterika
positive,positive,26/7/2024 11:52,noteworthytopcs,dah mula balik saman upnm ambik lawyer ganas sikit
negative,negative,28/2/2025 13:30,kulupmelayu14,sengaja kepala butoh lancau berenam layak diikat tengah bandar kl masyarakat dibelasah kawkaw
neutral,neutral,2/11/2021 11:48,The_FullFrontal,year yearold zulfarhan osmans death allege assailant receive sentence
negative,negative,1/8/2019 2:08,MrHairulAnuar,read chronology arwah zulfarhan osman besides culprit order enter defence really hope trainer spread surat layang via whatsapp court martialed
negative,negative,25/1/2019 13:18,yayazarif,kalau kena mandatori orang takpe mak ayah kehilangan anak teruk tahu dak ee gerammm
neutral,neutral,28/2/2025 5:30,NewsBFM,six former upnm student escape death penalty navy cadet officer zulfarhan osman zulkarnain federal court grant appellant appeal reduce sentence murder year prison culpable homicide amount
neutral,neutral,17/11/2017 11:40,SCMPNews,malaysian tragedy torture murder cadet zulfarhan osman
neutral,neutral,5/11/2019 15:36,lawreviewUM,accuse apologises family murder cadet officer muhammad azamuddin mad sofi second take witness stand tear apologised member zulfarhan osman zulkarnain die physical abuse
negative,negative,1/3/2025 3:11,Naz11Mr,claim pengalaman pahit wah senang kau dah lesap nyawa anak orang know¬≤ mengaku insafingat insaf hidupkan balik keharap kena bedok jail
positive,neutral,3/11/2021 8:33,ParisAr42442891,tiada katakata nak titipkan ibu bapa arwah melainkan doa moga sentiasa yakin bahawa allah maha adil kuatkan semangat bersama penyayang
positive,positive,16/5/2024 8:55,Mukhlis09_,hutang darah dibayar
positive,positive,29/6/2018 11:55,tj_wong,god bless universiti reason need lawyer like good self defend innocent
neutral,neutral,1/3/2025 3:11,imannuraim,dark side court case defend anything lessen charge againts client
positive,positive,31/7/2019 3:54,jass_fun,jauh perjalanan kes semoga allah permudahkan
negative,negative,1/3/2025 5:36,syima_hamzah,maybe pakar kene buat case study seterika berkalikali sampai masak isi terima rawatan asap baru buktikan mati buatlah dekat salah seorang pesalah janjikan terlepas hukuman sebab volunteer diri
negative,negative,1/3/2025 10:49,siodelta,tapi mangsa telah meninggal dunia amp sek kk tetapkan hukuman penjara maksimum tahun
positive,positive,24/7/2024 13:13,TautanKasih,budaya buli harus dihapuskan impak nya besar menjadi trauma mendalam
negative,negative,28/2/2025 22:58,inseqyo,kalau kena saterika tiada dapat luka berdarah semua takdelah datang infection takkan nak kata disebabkan tikam pisau direct jantung dikira faktor utama amende sia
neutral,neutral,16/5/2024 12:53,Juanescoba3,nak tanye bomoh budakbudak jumpa bagitau zulfarhan curi laptop kena hukuman
negative,negative,24/1/2019 7:11,ShashaGurlz96,kesian arwah hmmdekat dunia lari manusia kome tipu tapi bila allah sampai akhirat weyh tanggung
neutral,neutral,25/7/2024 5:44,fauzitahir8098,kapten haryani jantan betina
positive,positive,4/11/2021 8:47,ChePutih7,alhamdulillah moga tenang bonda bapa arwah disana bila keadaan dpandang seriusrakyat lebih
negative,negative,30/6/2018 1:45,norarsmn,sambil baca terbayangkan macam mana arwah kena seksa
positive,positive,23/7/2024 5:31,embunkarinaword,alhamdulillah
positive,positive,16/5/2024 4:23,Syarklovett,setuju supaya pengajaran amp perkara berlaku hukuman penjara seumur hidup ringan bagi
positive,positive,16/5/2024 1:38,dycoldie,mantap hutang nyawa dibayar
negative,negative,26/7/2024 14:23,_xxw4,upnm memang babi banyak gila kes buli tetapi senyap buat bodo la ada public statement sebab bangga budaya macam kampus tutup
neutral,neutral,1/3/2025 3:50,norris_anggun71,saksi bab sp dr salmah arshad punca jahanam lepas bagaimanapun hakim hasnah berkata telah mengubah pernyataannya ketika disoal peguam semasa perbicaraan menyatakan kesan kebakaran peratus menyebabkan kematian tetapi semestinya mati
negative,negative,28/2/2025 12:43,HatiHitam_,buang hukum gantung macam der function esok bunuh orang kata dah insaf dapat bebas ada banduan kena ingat
positive,positive,1/3/2025 2:08,aerinheavenzz,ye betul la insaf alhamdulillah tetapi mati dibalas dek nanti dekat mahsyar susah dah waktu
positive,positive,23/7/2024 5:31,embunkarinaword,alhamdulillah
positive,positive,26/7/2024 16:02,sha_hussin,kalau bantuan kewangan upah lawyer malaysia sudi bantu
neutral,neutral,31/7/2019 12:18,NewsBFM,national defence university malaysia student order kl high court enter murder case cadet officer zulfarhan osman zulkarnain come prosecution successfully prove prima facie end submission
neutral,neutral,30/12/2020 9:03,hsceria_,sir tahu apa beza pendakwa raya timbalan siapakah orang memegang jawatan tersebut agc semuanya adakah seorang peguam asalnya menjadi bela okt lain
negative,negative,2/11/2021 8:40,iman__210,layak talus gantung ja nyawa dibayar la tahun dok dekat penjara mna cukup
positive,positive,24/7/2024 15:30,SirHishamMahir,semoga tenang roh arwah sana syurga nanti rasa dah siksa dunia allah terbayang kalau kena macam
positive,positive,23/7/2024 4:58,_user131095,alhamdulillah
neutral,neutral,25/7/2024 5:11,TaufiqMNi,baru pertama kali tengok semula surat semenjak kejadian
positive,positive,23/7/2024 5:01,rdnaiman,pengajaran si kaki buli dah bagitahu anak masing jangan usik orang dekat sekolah
neutral,neutral,1/3/2025 3:11,imannuraim,dark side court case defend anything lessen charge againts client
negative,negative,3/11/2021 5:05,arhaj1,sedih kesian kepada arwah serta keluarga pelaku harapan masa depan hancur bagi diri amp kebodohan ego apakah masyarakat malaysia kini insaf mengambil ikhtibar sepenuhnya insiden bukan kali seterika panas
neutral,neutral,7/11/2021 16:55,NST_Online,nstopinion tuesday kualalumpur highcourt judge datuk azman abdullah hand year jail sentence six university student convict commit culpable homicide death cadet officer zulfarhan osman zulkarnain
negative,negative,23/7/2024 4:55,hunn_dm,sebelum gantung seterika dulu badan pembunuhpembunuh
neutral,neutral,3/11/2021 0:42,rahmatrashid,siapa kah doktor klinik swasta bertanggung jawab
negative,negative,1/3/2025 4:48,Bvt__,takyah penjara la kalau macam hukuman biar sama apa arwah kena
positive,positive,16/5/2024 3:14,SuaraHitamPutih,doakan baikbaik agar ketika menjalani hukuman bertemu hidayah
positive,positive,30/6/2018 2:16,dnonfire,painful read may justice prevail thought decease parent
neutral,neutral,2/11/2021 15:25,NewsBFM,zulfarhans mother hawa osman say become paranoid allow child pursue study far home still traumatise happen eldest son trauma membenarkan anakanak lain memasuki badan beruniform
negative,negative,9/11/2024 4:35,dauskatang,upnm dah lubuk menghasilkan pembuli apa pihak atasan buat selama lama budaya buli bersarang
positive,positive,23/7/2024 4:54,Shadow_Kurou,alhamdulillah justice serve
positive,positive,24/7/2024 13:27,iAmAreyap,alhamdulillah
neutral,neutral,23/1/2019 13:10,NST_Online,nstcourt witness saw one accuse cadet marine officer zulfarhan osman zulkarnain murder case hold steam iron
neutral,neutral,26/10/2018 9:21,baikragu,next hearing th october friend send poisonpen letter abuse zulfarhan osman avoid similar treatment malay mail
positive,positive,8/7/2019 15:19,qamraqurratuain,semoga ada justice boy please
neutral,neutral,3/11/2021 1:32,onceadarn,siapa curi laptop sebenarnya memang betul hilang jumpa sampai wujud serius tolong
negative,negative,26/7/2024 12:41,RashidA29116602,minta bebudak support sepertiga gaji sepanjang hayat kemdianvlebllihan infaq atas nama alzulfarhan
neutral,neutral,25/7/2024 5:44,fauzitahir8098,kapten haryani jantan betina
negative,negative,2/11/2021 9:12,cumie94,tetapi elok jugak penjara bila habis tempoh hukuman keluar rasa diterima masyarakat seksa
negative,negative,23/7/2024 4:47,MohdHan23772540,sedih tengok mak ayah
negative,negative,24/1/2019 2:50,szehighli5ht,bully totally acceptable cane mother felt sad hurt look amount injury boy body one deserve die manner may world peace love
positive,positive,24/7/2024 4:58,edwinbazz,gantung menara petronas biadab
neutral,neutral,25/7/2024 14:00,NewsBFM,suhakam say share grief anguish family zulfarhan osman zukarnain recognise severity crime however sentence six exunpm student death mark sad solemn day malaysias judicial history
positive,positive,23/7/2024 21:10,KmlSrh,sedih arwah lega dah win
neutral,neutral,9/7/2019 6:55,noorsafiaa,maaf nak tanya okt apa
positive,positive,26/7/2024 12:58,snh7710,saman pakcik makcik bagi puashati nanti menyesal kalau
positive,positive,9/7/2019 6:31,sayabaiktaw,doa jela
positive,positive,23/7/2024 4:54,Shadow_Kurou,alhamdulillah justice serve
positive,positive,16/5/2024 1:38,dycoldie,mantap hutang nyawa dibayar
negative,negative,25/7/2024 5:57,arifakib1,nyawa hilang disebabkan ketidakpedulian mempunyai kuasa bertindak
negative,negative,1/3/2025 10:39,softbalm_,sengaja kepala bana kau la barua
neutral,neutral,2/6/2017 23:23,mynameissyauqi,want aware bullyingturned murder case half hour agozulfarhan osman bin zulkarnain navy cadet upnm pass yo
negative,negative,24/7/2024 23:25,amirulfahmis,kepada doktor azfar bin hussin klinik salam kau memang babi ye nak duit report polis lepas tengok si mati kesan lecur sebanyak lebam kena tumbuk patut tarik lesen masuk jail atas kecuaian
neutral,neutral,10/7/2019 10:55,fqfaiq,lawyer dorang bela sampai lepas terus supaya kurangkan hukuman
neutral,neutral,24/7/2024 0:51,sinardailymy,court appeal today impose death sentence six former student universiti pertahanan nasional malaysia upnm murder navy cadet officer zulfarhan osman zulkarnain seven year ago bully crime
negative,negative,28/2/2025 22:58,inseqyo,kalau kena saterika tiada dapat luka berdarah semua takdelah datang infection takkan nak kata disebabkan tikam pisau direct jantung dikira faktor utama amende sia
neutral,neutral,3/11/2021 7:07,ZyiteGadgets,verdict naval cadet zulfarhan osmans case hisham warn upnm armed force never let heinous act recur
neutral,neutral,26/7/2024 9:49,malaymail,parent late zulfarhan osman today say none individual responsible son death come forward apologise since incident radio interview father zulkarnain idros mother hawa accuse
positive,positive,23/7/2024 4:53,yoizfxiz,alhamdulillah
negative,negative,29/11/2017 13:54,amieyrazmi_,happy birthday arwah zulfarhan osman
negative,negative,23/7/2024 15:11,amirullzamani2,pembunuh jahanam polis calon spm polo nur farah kartini
negative,negative,25/7/2024 5:05,farahhana1982,genuine question student upnm masa ada curfew keluar tujukan surat pihak luarpolis bagaimana handphone call
positive,positive,16/5/2024 6:35,nursyamim_rosli,sokong nyawa balas nywa
positive,positive,23/7/2024 20:50,Izzatiizzlyn,alhamdulillahallah pernah tidur
neutral,neutral,30/3/2021 12:14,bernamadotcom,upnm student tell kuala lumpur high court today someone punch cadet marine officer zulfarhan osman zulkarnain victim room university jebat hostel building
negative,negative,2/11/2021 9:29,LadyD25747613,cukup benci buli dijadikan perkara normal budakbudak asrama mengarut ja la kalau orang kata nak suruh junior belajar hormat ada jati diri kuat kepala hotak korang pengetua cikgu penyelia tolong tunggu anak mati baru bertindak
neutral,neutral,16/8/2018 14:26,malaymail,friend send poisonpen letter abuse zulfarhan osman avoid similar treatment
negative,positive,26/7/2024 11:30,AF1070159930,samannnn
negative,neutral,7/9/2020 15:36,AzliyatunShima,sicken reminds zulfarhan osman case
neutral,neutral,2/11/2021 4:02,NewsBFM,kuala lumpur high court find six upnm student guilty culpable homicide amount murder marine cadet officer zulfarhan osman section penal code escape gallows judge group intent
positive,positive,24/7/2024 4:58,edwinbazz,gantung menara petronas biadab
negative,negative,28/2/2025 15:21,raimirusyaidii,insaf acik keluar mahkamah sengih kambing padahal baru buat perbuatan jenayah bangsat betul lahh penjara er lanceret punya budak
positive,positive,25/7/2024 0:05,doktunggulagi,ambil pengajaran kisah tahu ujian kelak kalau ikutkan tertuduh cuma tekap sekali sahaja tapi talus gantung iktibar perkara belajar katakan satusatu arahan terutama sedang alam pekerjaan
positive,positive,3/11/2021 6:47,fakruddinkdo,semoga arwah dicucuri rahmat
positive,positive,23/7/2024 20:50,Izzatiizzlyn,alhamdulillahallah pernah tidur
neutral,neutral,26/10/2018 9:21,baikragu,next hearing th october friend send poisonpen letter abuse zulfarhan osman avoid similar treatment malay mail
negative,negative,29/6/2018 10:28,maxxximus46,normal everyone soft side honest decease suffer lot
positive,positive,26/7/2024 12:41,Mast851,sangat setuju sangatgo go
positive,positive,14/2/2024 10:48,Mariya_takeuci,year already alfatihah zulfarhan osman
negative,negative,8/11/2024 7:56,Tengku_Rak_,dah ada kes duluan lakukan kesalahan sama masuk universiti tapi msih paloi
neutral,neutral,18/6/2024 13:41,Margare96602396,navy cadet burn death hot iron bulliesÔΩúzulfarhan osman via
neutral,neutral,1/11/2024 3:15,malaymail,father murder army cadet zulfarhan osman zulkarnain express sadness abuse still happen universiti pertahanan nasional malaysia upnm harian metro cite idros say shock similar suffer late son
negative,negative,3/11/2021 6:59,adzuwanab,budakbudak penjara jatuh sabun atas lantai harihari
negative,negative,1/3/2025 2:06,syaminzamri_,let kill people say opps sengaja oh dah insaf fucker sick head normal manusia takkan tekap orang pakai seterika expect sihat rot hell yall jahanam
negative,negative,28/2/2025 12:10,shahnisa_99,kesian tengok wajah parent arwah rasa macam fair keluarga
negative,negative,24/7/2024 14:49,dannyhaiqal15,nak tanya satu dekat babimacam mana kau hidup tidur makan bernafas tenang lepas seksa bunuh orang
neutral,neutral,1/11/2021 7:33,NST_Online,nstnation university pertahanan nasional malaysia upnm student stand trial death cadet officer zulfarhan osman zulkarnain four year ago learn fate tomorrow
positive,positive,25/7/2024 12:50,KenDjoko,hebat malaysia indonesia ga ada hukuman tegas begini sini cuma penjara relatif ringan kasus pembunuhan santri pesantren siswa sekolah kedinasan semua hangat tai ayam
neutral,neutral,2/11/2021 5:22,TMReserve,six upnm student find guilty culpable homicide death zulfarhan osman court
neutral,neutral,23/7/2024 6:30,WORLDOFBUZZ,court appeal reinstate death penalty exupnm student murder zulfarhan osman
negative,negative,1/3/2025 7:31,amirbetul,sabar tunggu dorang kluar takda niat gitu menyesal
neutral,neutral,2/11/2021 6:46,NewsBFM,six upnm student sentence year prison cause death marine cadet officer zulfarhan osman four ago kuala lumpur high court order men serve jail sentence date arrest
positive,positive,16/5/2024 6:35,nursyamim_rosli,sokong nyawa balas nywa
negative,negative,8/11/2024 23:44,wnyadnn,kau kenapa dek tau akak terkena wap melompat inikan plak p tekap dekat bdn kawan amende
negative,negative,3/11/2021 5:40,Zulyanaayahya,masalahnya kalau tekup sekali la nak kata mencederakan sampai geram betul takkan terfikir consequence lepas kau iron orang sihat walafiat pemikiran cap ayam mangkuk semua
neutral,positive,23/1/2019 23:08,xziexdnxn,alfatihah arwah adib
positive,positive,1/3/2025 4:23,parkmart2010,semoga allah berikan pembalasan kepada pesalah tersebut dunia walaupun terlepas hukuman undangundang manusia
negative,negative,24/7/2024 11:46,mel_abu,sekarang kau puji hakimdan badan kehakimanmasa najib kena jatuh hukum hentam kehakiman apa lanampak sangat makan dedak
neutral,neutral,5/11/2019 12:45,staronline,first accuse murder universiti pertahanan nasional malaysia upnm naval cadet officer zulfarhan osman zulkarnain admit place hot iron victim sole knee
negative,negative,4/11/2021 14:41,MAISARAHOTHMAN_,pecat ambil tindakan atas semua terlibat jenayah berat tiada kompromi
positive,positive,31/5/2018 16:36,_lalawatson,year sahabat laugh amp joke share thought nonsense tear madness alfatihah zulfarhan osman know great
positive,positive,16/5/2024 4:23,Syarklovett,setuju supaya pengajaran amp perkara berlaku hukuman penjara seumur hidup ringan bagi
negative,negative,25/7/2024 8:37,kabutneaubilem,rasa hayani dah bekas kapten harapnya membazir duit bayar gaji
negative,negative,25/1/2019 4:24,lynnmael,harapharap lunyai kena pijak seniorsenior penjara kelak jangan bagi mati pecah patah riuk pastu belum sembuh sangat tetapi dah sampai semula amin rabbal alamin
negative,negative,28/2/2025 13:38,ki5hikaisei,try letak tangan dekat seterika tengok mampus kene tekap satu badan takkan la menyebabkan kematian nonsense
positive,positive,24/7/2024 8:30,lyurcid,heard happen zulfarhan osman omfg inalillah may soul comfort granted jannah allah give parent strength
neutral,neutral,26/7/2024 9:14,Slackjaw8297,may zulfarhan osman student national defence university malaysia upnm severely assault fellow student upnmcase
negative,negative,8/11/2024 18:23,syawallllllllll,ban la iron dekat upnm biar pakai kedut dr makin teruk kes orang sana sini macam ambik pengajaran even sebelum ada besar
positive,positive,23/7/2024 11:50,dylakarim,alhamdulillah hapuskan pembulipembuli malaysia payah ada rasa simpati orangorang macam gantung semua
negative,negative,28/2/2025 9:12,alip108,dah keluar nanti kena langgar mati la memasing semua
neutral,neutral,23/7/2024 5:19,izzyumi,laptop hilang dah jumpa belum
neutral,neutral,30/3/2021 12:14,bernamadotcom,upnm student tell kuala lumpur high court today someone punch cadet marine officer zulfarhan osman zulkarnain victim room university jebat hostel building
negative,negative,29/6/2018 8:24,manjopie,allah kau bagi culik diseksa macam cerita saw
positive,positive,25/7/2024 0:05,doktunggulagi,ambil pengajaran kisah tahu ujian kelak kalau ikutkan tertuduh cuma tekap sekali sahaja tapi talus gantung iktibar perkara belajar katakan satusatu arahan terutama sedang alam pekerjaan
negative,negative,28/2/2025 23:35,WaisibBin,pakar amp hakim peguam serangkai mata ditutup syaitan
positive,positive,16/5/2024 0:41,najwaakamal,yes nyawa dibalas
neutral,neutral,26/6/2018 12:14,theSundaily,zulfarhan osman say take laptop witness
neutral,neutral,1/3/2025 3:11,imannuraim,dark side court case defend anything lessen charge againts client
negative,negative,16/5/2024 8:54,MuhdAfiffff,pengajarannya ialah lepas kalau nak bunuh oranglantik lawyer powerguna hujah membunuh tampa niatdapat la makan free jailjangan risautak kenw hukum mati
neutral,neutral,3/11/2021 11:12,ZainudinHashim8,elakkan budaya buli sekolah asrama kejadian menyebabkan kematian pernah belaku ditempat lie berasrama pihak pengurusan kolej ambil berat tentang perkara supaya berulang
neutral,neutral,26/10/2018 9:21,baikragu,next hearing th october friend send poisonpen letter abuse zulfarhan osman avoid similar treatment malay mail
negative,negative,1/3/2025 4:51,wookieswoob,dah kena suap
neutral,neutral,25/7/2024 5:44,fauzitahir8098,kapten haryani jantan betina
positive,positive,3/6/2017 7:00,SAYSPhilippines,know late navy cadet officer zulfarhan osman zulkarnain polite softspoken nature
neutral,neutral,8/4/2021 16:01,fmtoday,defence witness include upnm student charge murder injure abet murder zulfarhan osman zulkarnain fmtnews court
negative,negative,23/7/2024 4:39,acbnrff,patut gantung kren dekat dataran merdeka hari ahad esoknya cuti umum
negative,negative,23/7/2024 9:04,rayyanharies,may rest peace zulfarhan osman zulkarnain six bully gon na hang death hell murderer languish fiery depth neraka jahanam suffer tenfold torment inflict upon
negative,negative,25/7/2024 4:41,ThruPeep,macam mana join askar pakai spekbetulah semak upnm bila atm
positive,positive,24/7/2024 15:30,SirHishamMahir,semoga tenang roh arwah sana syurga nanti rasa dah siksa dunia allah terbayang kalau kena macam
neutral,neutral,3/11/2021 1:32,onceadarn,siapa curi laptop sebenarnya memang betul hilang jumpa sampai wujud serius tolong
positive,positive,26/7/2024 22:54,budaknakal779,setuju beliau menyaman pihak upnm
neutral,neutral,1/3/2025 3:50,norris_anggun71,saksi bab sp dr salmah arshad punca jahanam lepas bagaimanapun hakim hasnah berkata telah mengubah pernyataannya ketika disoal peguam semasa perbicaraan menyatakan kesan kebakaran peratus menyebabkan kematian tetapi semestinya mati
negative,negative,9/11/2024 9:09,mo025773,kejadian sama berulangmak bapak anak nak sambung belajar pikir masak pilih universiti nibuli dah budaya
positive,positive,23/7/2024 5:42,Tuliiipps,keadilan arwah semoga mnjadi pengajaran
positive,positive,3/11/2021 2:25,SaifulMikail,moga arwah tenang sana tuntut segalaaaaaa nya
negative,negative,9/11/2024 6:37,zahir260493,cer seterika balik badan bagi rasa
neutral,neutral,1/11/2021 7:59,imminent_news,üá≤üáæ nstnation university pertahanan nasional malaysia upnm student stand trial death cadet officer zulfarhan osman zulkarnain four year ago learn fate tomorrow mostshared
positive,positive,23/7/2024 5:42,Tuliiipps,keadilan arwah semoga mnjadi pengajaran
neutral,neutral,9/7/2019 5:10,Balmutalib,ada baca dekat story adik arwah katanya allergic antibiotic sebab waktu suspect bawak pergi klinik dapat treatment makin teruk sebenarnya surat refer hosp tapi depa
neutral,neutral,17/11/2017 10:10,AndyVermaut,malaysian tragedy torture murder cadet zulfarhan osman
positive,positive,24/7/2024 12:58,ritzramo,lepas nie kes adib pula dapat keadilan sepenuhnya
neutral,neutral,29/6/2018 5:48,jokercrew69,case selesai lgi
negative,negative,25/7/2024 13:36,Thehulkey,pelik perangai doktor kesihatan tentera memang prangai bangsat skod pecah usus kena rag kata macam mana nak askar bru sikit dah kiwak kau buddy tengok depan mata jek dekat perut relax orang icu kot mujur xmati
positive,positive,26/7/2024 12:49,AzisAdib,saman
positive,positive,8/7/2019 15:19,qamraqurratuain,semoga ada justice boy please
positive,positive,17/5/2024 0:26,AbdulMu52303682,setuju nyawa dibalas
neutral,neutral,18/7/2017 6:59,mat4g13,aug mention date upnm student charge navy cadet officer zulfarhan osmans death
neutral,neutral,26/10/2018 9:21,baikragu,next hearing th october friend send poisonpen letter abuse zulfarhan osman avoid similar treatment malay mail
neutral,neutral,9/4/2020 16:50,syeraaaa6,punishment retribution
neutral,neutral,24/10/2018 14:51,baikragu,tomorrow court hear zulfarhan osman murder case
neutral,neutral,23/7/2024 20:38,vebrianza_,kalau indo gak mungkin nih dihukum mati tau sendiri hukum nya gimana
positive,positive,26/7/2024 12:41,Mast851,sangat setuju sangatgo go
positive,positive,26/7/2024 12:07,kuniverse1311,sokong saman upnm
positive,positive,26/7/2024 14:26,AfafAsyr4f,saman
neutral,neutral,25/7/2024 5:11,TaufiqMNi,baru pertama kali tengok semula surat semenjak kejadian
positive,positive,3/11/2021 0:56,mumyakim,semoga arwah tenang ditempatkan dikalangan org berimanal fatihah
neutral,neutral,3/11/2021 14:30,staronline,attorney general chamber appeal high court rule convict six student upnm culpable homicide amount murder case zulfarhan osman zulkarnain
negative,negative,4/11/2021 2:27,AminGibson96,hakim peguam kawankawan family would like see treatment get afterlife
positive,positive,23/7/2024 4:54,Shadow_Kurou,alhamdulillah justice serve
neutral,neutral,1/11/2024 3:15,malaymail,father murder army cadet zulfarhan osman zulkarnain express sadness abuse still happen universiti pertahanan nasional malaysia upnm harian metro cite idros say shock similar suffer late son
neutral,neutral,28/2/2025 5:30,NewsBFM,six former upnm student escape death penalty navy cadet officer zulfarhan osman zulkarnain federal court grant appellant appeal reduce sentence murder year prison culpable homicide amount
positive,positive,26/7/2024 11:12,TemporaryWorld9,sokong saman upnm bukan dapat duit sahaja tetapi supaya insaf pastikan jenayah menimpa arwah zulfalhan berlaku kepada anak orang lain
positive,positive,23/7/2024 12:31,asianewsnetwork,justice hadhariah syed ismail chair threejudge panel describe crime commit zulfarhan osman zulkarnain seven year ago rarest rare spoke parent must felt malaysia thestar
neutral,neutral,25/7/2024 7:55,LilleAmma,mungkin penuntut talus gantung ŸàÿßŸÑŸÑŸá ÿßÿπŸÑŸÖ ÿ®ÿßŸÑÿµŸàÿßÿ® Ÿáÿß⁄Ω ÿßŸÑŸÑŸá Ÿä⁄† ŸÖ⁄†ÿ™ÿßŸáŸàŸä⁄Ω
neutral,neutral,23/7/2024 5:19,izzyumi,laptop hilang dah jumpa belum
negative,negative,1/3/2025 6:08,izz_tjdin,know shes real point need kang bitna judge justiceforzulfarhan
neutral,neutral,23/7/2024 5:55,nikhajarr,recap arwah zulfarhan murder case osman zulkarnain finalyear naval cadet upnm may accuse fellow cadet steal laptop lead tragic series event
negative,negative,28/2/2025 10:38,aziekuchiki,jahanam oopss sorryyy sengaja
neutral,neutral,24/7/2024 8:28,gustiadipati9,macam najib tahun lepas dapat diskaun berharap diberi pengampunan pergi mampos dah buat jenayah jarah duit rakyat nak minta
positive,positive,25/7/2024 1:27,doeeyeskook,hope rotten mango cover late zulfarhan osman case coz love storytellingÔ∏è
positive,positive,25/7/2024 0:05,doktunggulagi,ambil pengajaran kisah tahu ujian kelak kalau ikutkan tertuduh cuma tekap sekali sahaja tapi talus gantung iktibar perkara belajar katakan satusatu arahan terutama sedang alam pekerjaan
neutral,neutral,24/1/2019 12:02,zomdykiwi,kes pendakwaan kan belum masuk pembelaan
negative,negative,2/11/2021 14:17,syamsul_nazri,doa kalau keputusan mahkamah ada unsur bawah meja sebab kebanyakan parent suspek bukan orang biasa moga allah tarik ketenangan keberkatan hidup keluarganya keturunannyatermasuklah hakim makan suapmaaf lh komen kesat sikit
neutral,neutral,1/3/2025 17:14,GenZMalaysia,six former universiti pertahanan nasional malaysia upnm student previously convict murder navy cadet officer zulfarhan osman zulkarnain longer meet hangman
neutral,neutral,28/7/2021 8:41,malaysiakini,court high set sept hear final submission case upnm student charge murder cadet marine officer zulfarhan osman zulkarnain
neutral,neutral,1/3/2025 2:16,staronline,late zulfarhan osman family could accept final verdict stoicism tragedy leave permanent scar
neutral,neutral,10/11/2021 6:45,NewsBFM,father cadet officer zulfarhan osman believe son would still alive today bomoh accuse steal laptop zulkarnain idros tell fmt take stab dark proof name pop bernama
negative,negative,25/7/2024 4:37,thekimzj,buang kapten
negative,negative,1/3/2025 10:38,HeyyAmir,macam dibayar nikenapa dibuat experiment tekap orang
positive,positive,26/7/2024 16:02,sha_hussin,kalau bantuan kewangan upah lawyer malaysia sudi bantu
negative,negative,1/3/2025 4:51,airintete,kimak sengaja macam celaka
neutral,neutral,25/7/2024 14:00,NewsBFM,suhakam say share grief anguish family zulfarhan osman zukarnain recognise severity crime however sentence six exunpm student death mark sad solemn day malaysias judicial history
negative,negative,23/7/2024 4:39,acbnrff,patut gantung kren dekat dataran merdeka hari ahad esoknya cuti umum
positive,positive,24/7/2024 12:30,kerandajingga,alhamdulillah
neutral,neutral,2/11/2021 3:58,vincentdepaul12,universiti pertahanan nasional malaysia student find guilty homicide conspiracy cause hurt cadet officer zulfarhan osman zulkarnain
neutral,neutral,2/11/2021 15:25,NewsBFM,zulfarhans mother hawa osman say become paranoid allow child pursue study far home still traumatise happen eldest son trauma membenarkan anakanak lain memasuki badan beruniform
negative,negative,25/7/2024 5:29,azrul_ridzuan_,layak kapten kalau level macam elok buang tentera ambil lebih bertanggung jawab hidup makan duit tax payer tapi benda basic takle handle
neutral,neutral,2/11/2021 9:19,btriesysy,lepas dorang masuk penjara nanti duk sajasaja kene sebat sorry tanya
negative,negative,1/3/2025 11:21,easternauroraa,sengaja kepala butoh
positive,positive,16/5/2024 1:52,fazz_dongiltiny,sokong buat ape nak bazir duit menyara pembunuh penjara
positive,positive,3/11/2021 0:56,mumyakim,semoga arwah tenang ditempatkan dikalangan org berimanal fatihah
negative,negative,8/11/2023 15:12,Cakkkk10,lupa marah sangat dulu follow setiap update mamat first keluar masuk court muka samseng saiko dah bunuh member tiada penyesalan langsung betulbetul
neutral,neutral,2/11/2021 5:22,TMReserve,six upnm student find guilty culpable homicide death zulfarhan osman court
neutral,neutral,26/7/2024 11:25,zee_yusoff,pmx would despise online bully case rm price tag first time offender also channel energy curb kind kill slowly mentally amp physically assist father decease uphold justice
positive,neutral,3/11/2021 8:33,ParisAr42442891,tiada katakata nak titipkan ibu bapa arwah melainkan doa moga sentiasa yakin bahawa allah maha adil kuatkan semangat bersama penyayang
negative,negative,28/2/2025 15:08,yrmallork,hakim percaya kata jahanam kau tenang jugak hidup
neutral,neutral,29/12/2020 7:39,fmtoday,forensic expert testifies case upnm student charge murder abet injure zulfarhan osman zulkarnain fmtnews highcourt
negative,negative,24/7/2024 13:02,DrWiket,tolong tengok balik record visit allahyarham klinik tersebut macam mana doktor bertugas discharge patient mengalami severe burn wound tb area gt nd degree rd termasuk bahagian kemaluan
positive,positive,28/2/2025 11:18,AiShiho1,allahsemoga allah swt berikan ketabahan kekuatan kepada keluarga allahyarham zulfarhan
positive,positive,23/7/2024 5:42,Tuliiipps,keadilan arwah semoga mnjadi pengajaran
positive,positive,26/7/2024 11:12,TemporaryWorld9,sokong saman upnm bukan dapat duit sahaja tetapi supaya insaf pastikan jenayah menimpa arwah zulfalhan berlaku kepada anak orang lain
negative,negative,28/2/2025 14:23,inanobiy,tapi zulfarhan terbukti mati
negative,negative,28/2/2025 16:24,Zeiaasnawi,nak gambar pembunuh latestkalau masa keluar penjara tahun datang tolong siarkan muka secara live tengok supaya pulaukan sampai mampu hidup masyarakathidup la ketakutan bersalah seumur
neutral,neutral,29/12/2020 9:25,MalaysiaGazette,naval cadet officer zulfarhan osman zulkarnain die bacterial infection chest major burn sequela malaysiagazette
negative,negative,10/11/2023 13:58,Sauffie84,kalau buat hal semua tunggu tauliah dah terlepas hukuman mati masa depan gelap temuduga kerja majikan mesti tanya apahal ada nombor tentera cop penjara kau kena buang dekat belakang mykad tulis b nak
neutral,neutral,26/7/2024 9:49,malaymail,parent late zulfarhan osman today say none individual responsible son death come forward apologise since incident radio interview father zulkarnain idros mother hawa accuse
neutral,neutral,15/8/2024 1:00,aliranmalaysia,human right commission malaysia suhakam express deepest condolence family zulfarhan osman zulkarnain whose tragic death june profoundly affect nation abolishmentofdeathpenalty
neutral,neutral,26/4/2018 11:27,bernamadotcom,witness unsure zulfarhan osman allergic prescribed medication
positive,positive,1/3/2025 3:41,NNisamustafa,commit crime punishment nauzubillahiminzalik jihad amar makruf nahi mungkar reminder buat semua
neutral,neutral,23/7/2024 6:24,PrimaFacie_99,huge malaysian court appeal pronounce death penalty penal code zulfarhan osman murder mandatory abolish might one first ever case court trigger discretion
positive,positive,1/3/2025 3:41,NNisamustafa,commit crime punishment nauzubillahiminzalik jihad amar makruf nahi mungkar reminder buat semua
negative,negative,31/7/2019 5:58,Rahmanators,yeah gantung menghitung hari
neutral,neutral,5/11/2019 12:45,staronline,first accuse murder universiti pertahanan nasional malaysia upnm naval cadet officer zulfarhan osman zulkarnain admit place hot iron victim sole knee
positive,positive,3/6/2017 18:00,Aaaamaannn,heart dua family zulfarhan osman zulkarnian may allah help difficult time
positive,positive,25/7/2024 9:50,Scoopdotmy,instagram page whistleblower attempt seek help naval cadet zulfarhan osman zulkarnain senseless death flood wellwishes netizens
negative,negative,3/11/2021 5:58,zieabdullah69,kesemua budakbudak binatang manusia mana pergi otak nama student universiti memalukanduduklah kau dilokap tahunpadankan mukaelok diganyangkan tekap balik iron badan masingmasing
neutral,neutral,29/7/2024 12:13,nhakims,navy cadet burn death hot iron bulliesÔΩúzulfarhan osman via
positive,neutral,1/3/2025 5:32,bvbblystvr,ada baca komen anggap allah izinkan semua keputusan sebab nak settle dekat akhirat biarkan ibu bapa arwah zulfarhan sebagai orang teraniaya sampai bila doa depa makbul
neutral,neutral,1/3/2025 3:11,imannuraim,dark side court case defend anything lessen charge againts client
neutral,neutral,30/3/2021 12:14,bernamadotcom,upnm student tell kuala lumpur high court today someone punch cadet marine officer zulfarhan osman zulkarnain victim room university jebat hostel building
positive,positive,9/7/2019 4:35,mixbear09,sempat ramai mendoakan supaya arwah dapat keadilan
negative,negative,2/11/2021 22:49,xiraazira,dah tau cedera macam kau bagi tahun kenapa kurang tambah la sebatan adoii kalau da cakap ada niat membunuh abis die hentam arwah apa bergurau senda
positive,positive,24/7/2024 2:04,Jeff4Malaysia,justice year court appeal impose death sentence former national defence university upnm student murder navy cadet zulfarhan osman zulkarnain perwira culture want zul farhan die vain
positive,positive,5/6/2017 15:09,emmericium,alfatihah arwah zulfarhan osman dont know hope allah put among pious may grant highest paradise
neutral,neutral,27/7/2024 3:00,syamhassan,manamana lawyer sudi bantu
neutral,neutral,26/7/2024 11:25,zee_yusoff,pmx would despise online bully case rm price tag first time offender also channel energy curb kind kill slowly mentally amp physically assist father decease uphold justice
negative,negative,28/2/2025 13:47,Nemo_Dessert,hukum mati bagi diaorg rasa apa arwah dah nak masuk bulan puasa maki hamun
neutral,neutral,31/7/2019 12:18,NewsBFM,national defence university malaysia student order kl high court enter murder case cadet officer zulfarhan osman zulkarnain come prosecution successfully prove prima facie end submission
neutral,neutral,3/11/2021 11:27,lawreviewUM,cause death marine cadet officer zulfarhan osman zulkarnain although prosecution prove harmed six accuse fail prove intention murder
negative,negative,28/2/2025 12:02,atehhhhhhhhh,kalau kematian takat penjara kes buli lain kira picisan la pantat
neutral,neutral,2/11/2021 7:37,GeorgeGerald,upnm student find guilty culpable homicide death zulfarhan osman
neutral,neutral,2/11/2021 7:37,GeorgeGerald,upnm student find guilty culpable homicide death zulfarhan osman
neutral,neutral,17/11/2017 11:40,SCMPNews,malaysian tragedy torture murder cadet zulfarhan osman
positive,positive,16/5/2024 1:52,fazz_dongiltiny,sokong buat ape nak bazir duit menyara pembunuh penjara
positive,positive,2/3/2025 0:32,shazwani_osman,family arwah sebagai orang teranaiya inshaaallah dimakbulkan doa allah bagi balasan kepada terlibat secara langsung amp dunia akhirat
neutral,neutral,30/12/2020 0:57,dhiyaafie,maksudnya mangsa meninggal bukan dibunuh sorry kurang jelas perenggan kedua
negative,negative,28/2/2025 12:23,Astral_5,lawyer amp pakar beratur belakang mstar nanti
neutral,neutral,23/1/2019 13:10,NST_Online,nstcourt witness saw one accuse cadet marine officer zulfarhan osman zulkarnain murder case hold steam iron
positive,positive,26/7/2024 12:33,ImDianaDanielle,uncle saman tolong behind pandai buka uni panda jaga pelajar enroll diam betul upmn
neutral,neutral,1/11/2021 7:33,NST_Online,nstnation university pertahanan nasional malaysia upnm student stand trial death cadet officer zulfarhan osman zulkarnain four year ago learn fate tomorrow
negative,negative,2/3/2025 2:02,AbdulAedy,bagi pakar rasa kena iron steam macam mana
negative,negative,16/5/2024 0:08,Reban88591851,setuju ekor dicucuh seterika kote teloq sehingga cair
positive,positive,23/7/2024 8:14,Scoopdotmy,alhamdulillah finally along tragic death avenge sentiment express family late zulfarhan osman zulkarnain fondly know member court appeal today order six former student upnm hang
neutral,neutral,30/12/2020 0:57,dhiyaafie,maksudnya mangsa meninggal bukan dibunuh sorry kurang jelas perenggan kedua
neutral,neutral,27/7/2024 7:06,NewsBFM,malaysian crime prevention foundation say death sentence hand former upnm student murder zulfarhan osman appropriate mcpf disagree objection raise suhakam need
neutral,neutral,26/7/2024 9:49,malaymail,parent late zulfarhan osman today say none individual responsible son death come forward apologise since incident radio interview father zulkarnain idros mother hawa accuse
neutral,neutral,23/7/2024 5:04,NewsBFM,court appeal impose death sentence six former upnm student convict murder navy cadet zulfarhan osman zulkarnain say warrant give cruelty accused action
positive,positive,31/7/2019 4:42,RaziAriff,tahniah pasukan pendakwaan
negative,negative,23/7/2024 9:30,hazlamiharun1,patutnya warden ketika kejadian tuu ambil tindakan
negative,neutral,3/11/2021 3:17,brothetman,diwaktu sama jangan terlepas pandang kisah sedih arwah adib hingga kini keadilan dicari belum diketemui semestinya mak lampir menunaikan janji palsunya
neutral,neutral,25/7/2024 18:10,NST_Online,nstletters death national defence university upnm navy cadet zulfarhan osman zulkarnain shock nation bully
negative,negative,9/11/2024 17:03,guaneramok,kira selamat tinggal karier kerajaan angkatan bersenjatalepas duduk masyarakat ubah perangai jangan suka membuli orang lainpanjang lain perjalanan hiduppilih baik
neutral,neutral,2/11/2021 4:59,MNowNews,kuala lumpur high court say cause injury zulfarhan osman without intent kill mnow upnm homicide
negative,negative,1/3/2025 6:08,norhananiza,pakar mana sial
negative,negative,28/2/2025 9:13,SaifulA77188378,berlaku salah amp dapati bersalah mahkamah dua perkara berbeza ia bergantung kepada kebijaksanaan peguam berhujah peritkan tapi kaedah digunapakai law justice mutually exclusive
positive,positive,27/7/2024 15:21,KucinSuzzy,saman kerajaan warden sekali
negative,negative,8/11/2024 18:01,TheTulip__,benda berlarutan selagi de warden kena apa tindakan mana kenapa berlaku kes macam lepas melibatkan pelajar sebab budaya rag dekat sana dianggap biasa
positive,positive,24/7/2024 14:02,khairlrazi,selalunya membuli mak bapak orang besar dibuli biasa sedang hangat bicara kes ada buli berlaku semoga allah lindungi keluarga drpd ujian sebegini
neutral,neutral,24/10/2018 14:51,baikragu,tomorrow court hear zulfarhan osman murder case
negative,negative,1/3/2025 5:35,atamasho,bodohnya pakar jenis apa sial macamni orang dah kena belasah pastu iron banyak kali bukan sekali la bodoh memang bangang malaysia joke
positive,positive,27/7/2024 13:25,solennjk,tolong saman pakcik tolonglah upnm lepas tangan menjalankan tanggungjawab sepatutnya ramai student teraniaya least mungkin polisi universiti berubah lebih mementingkan kebajikan
positive,positive,16/5/2024 12:31,m_iqone,betapa siksa sadisnya arwah kesakitan penderaan dilakukan pembunuh inihukuman mati setimpal perbuatan seumpama
positive,positive,17/5/2024 8:44,hui_guifei,kenapa pendakwa raya minta hukuman maximum sebab tahu laporan penuh macam mana arwah zulfarhan diseksa terseksa sehingga nafas terakhir
positive,positive,5/6/2017 6:34,HanaFisyora,justice zulfarhan osman
neutral,neutral,3/11/2021 6:50,TMReserve,upnm atm tell let incident befall zulfarhan osman happen
neutral,neutral,30/3/2021 12:14,bernamadotcom,upnm student tell kuala lumpur high court today someone punch cadet marine officer zulfarhan osman zulkarnain victim room university jebat hostel building
negative,negative,23/7/2024 23:16,iam_amli,rasa gantung ez disebabkan diaorng tau kematian depa betulbetul taubat adil kalau letak penjara mereput seumur hidup biar erti penyesalan idk im judge
neutral,neutral,7/8/2024 15:13,Jefflee8084Lee,july six former student national defense university malaysia upnm sentence death malaysian court appeal murder naval cadet zulfarhan osman zulkarnain seven year ago
positive,positive,28/2/2025 8:13,Honey_150214,justice zulfarhan osman
negative,negative,1/3/2025 2:51,filiaandree,speak volume justice system country also send distressing message bully victim everywhere powerless
negative,negative,1/3/2025 0:47,Arep_Cantona,ayat sekumpulan babi pembunuh kejam
neutral,neutral,24/1/2019 4:07,mhdfdllh,salah hakim ketuk tukul jatuhkan hukuman belum
neutral,neutral,7/3/2025 10:58,umconstiteam,upnm bully case death sentence overturn zulfarhan osman remain tragic reminder danger haze institutional violence spark national debate justice accountability student safety umct infographics
positive,positive,23/7/2024 10:55,hotchwife,bayangkan seluruh negara bersyukur dijatuhkan hukuman gantung besarnya doa orang teraniaya mata allah rest well mak ayah zulfarhan guy serve justice son stead
positive,positive,23/7/2024 4:51,tolakrasuah,terbaik sebagai pengajaran
positive,positive,16/5/2024 2:02,lostmygodamind,nyawa bayar payah nak bela pembunuhpembunuh berguna dah tiada masa depan elok mati sekor
neutral,neutral,19/6/2017 15:23,levibih07,mendiang nhaveen amp arwah zulfarhan osman really open eye extent bully malaysia get
negative,negative,9/7/2019 7:17,yoizfxiz,mana budakbudak dapat duit hire lawyer profil tinggi gila babi siot
positive,positive,29/6/2018 7:22,peachjahashim,may justice serve upnm cadet officer zulfarhan osman zulkarnain torture student high court tell
neutral,neutral,3/11/2021 7:07,ZyiteGadgets,verdict naval cadet zulfarhan osmans case hisham warn upnm armed force never let heinous act recur
positive,positive,27/7/2024 15:43,miruladdin,saman jangan bagi muka
neutral,neutral,3/11/2021 0:42,rahmatrashid,siapa kah doktor klinik swasta bertanggung jawab
neutral,neutral,23/7/2024 5:55,nikhajarr,recap arwah zulfarhan murder case osman zulkarnain finalyear naval cadet upnm may accuse fellow cadet steal laptop lead tragic series event
positive,positive,31/7/2019 1:48,nabilahrshdn,pray amp hope justice prevail today arwah zulfarhan osman justiceforzulfarhan
positive,positive,26/7/2024 13:05,Rf96Rf96,saman
positive,positive,2/3/2025 0:32,shazwani_osman,family arwah sebagai orang teranaiya inshaaallah dimakbulkan doa allah bagi balasan kepada terlibat secara langsung amp dunia akhirat
neutral,neutral,1/11/2024 3:15,malaymail,father murder army cadet zulfarhan osman zulkarnain express sadness abuse still happen universiti pertahanan nasional malaysia upnm harian metro cite idros say shock similar suffer late son
neutral,neutral,3/6/2017 0:38,MalaysiaGazette,navy cadet zulfarhan osman death investigate via malaysiagazette
positive,positive,14/2/2024 10:48,Mariya_takeuci,year already alfatihah zulfarhan osman
negative,negative,27/7/2024 11:18,Iskanda28144900,mana badan peguam patut nya isu kena ambil peduli
positive,positive,24/7/2024 2:04,Jeff4Malaysia,justice year court appeal impose death sentence former national defence university upnm student murder navy cadet zulfarhan osman zulkarnain perwira culture want zul farhan die vain
negative,negative,25/7/2024 9:07,HzzLsa,kenapa warden kena apaapa langsung bersuka ria dekat luar tunggu pembalasan dunia akhirat menanti
positive,positive,16/5/2024 10:50,Jaen8347,elok la hukum gantung sampai mati
neutral,neutral,18/6/2024 13:41,Margare96602396,navy cadet burn death hot iron bulliesÔΩúzulfarhan osman via
neutral,neutral,7/3/2025 10:58,umconstiteam,upnm bully case death sentence overturn zulfarhan osman remain tragic reminder danger haze institutional violence spark national debate justice accountability student safety umct infographics
neutral,neutral,23/7/2024 5:04,NewsBFM,court appeal impose death sentence six former upnm student convict murder navy cadet zulfarhan osman zulkarnain say warrant give cruelty accused action
neutral,neutral,18/6/2024 13:41,Margare96602396,navy cadet burn death hot iron bulliesÔΩúzulfarhan osman via
negative,negative,28/2/2025 15:05,f4me_z4u,fungsi ka undangundang malaysia
negative,negative,2/3/2025 2:02,AbdulAedy,bagi pakar rasa kena iron steam macam mana
negative,negative,28/2/2025 10:54,SyfqqAmirul,semoga mampus penjara
neutral,neutral,9/4/2020 16:50,syeraaaa6,punishment retribution
negative,negative,28/2/2025 13:59,HilmiYang,dah tekap seterika sengaja aje nye kepala butoh
neutral,neutral,10/12/2021 8:08,maf73,case zulfarhan osman zulkarnain everyone know dont need elaborate
negative,negative,3/11/2021 3:58,RichardMalek11,tenterabunuh dn bunuhbunuh musuh bukan kawan sendiri
positive,positive,27/7/2024 7:08,freifechter,think fair guy six torture zulfarhan osman two day
neutral,neutral,1/11/2021 7:59,imminent_news,üá≤üáæ nstnation university pertahanan nasional malaysia upnm student stand trial death cadet officer zulfarhan osman zulkarnain four year ago learn fate tomorrow mostshared
negative,neutral,7/9/2020 15:36,AzliyatunShima,sicken reminds zulfarhan osman case
neutral,neutral,3/6/2017 8:24,UpdatesMalaysia,higher education ministry view zulfarhan osmans death seriously minis
neutral,neutral,5/11/2019 12:45,staronline,first accuse murder universiti pertahanan nasional malaysia upnm naval cadet officer zulfarhan osman zulkarnain admit place hot iron victim sole knee
positive,positive,24/7/2024 12:58,ritzramo,lepas nie kes adib pula dapat keadilan sepenuhnya
positive,positive,23/7/2024 5:42,Tuliiipps,keadilan arwah semoga mnjadi pengajaran
positive,positive,25/7/2024 8:27,Peaceworld9111,terbaik leftenan pegawai tentera prihatin
positive,positive,23/7/2024 8:14,Scoopdotmy,alhamdulillah finally along tragic death avenge sentiment express family late zulfarhan osman zulkarnain fondly know member court appeal today order six former student upnm hang
neutral,neutral,1/11/2021 7:59,imminent_news,üá≤üáæ nstnation university pertahanan nasional malaysia upnm student stand trial death cadet officer zulfarhan osman zulkarnain four year ago learn fate tomorrow mostshared
positive,positive,27/7/2024 0:27,apis_sudin,saman ja jangan amik lawyer melayu mesti upnm kalah
neutral,neutral,2/11/2021 6:37,daily_malaysian,high court sentence six student national defence university upnm year jail cause death navy cadet zulfarhan osman zulkarnain four ago malaysia malaysiaprihatin menangbersama
negative,negative,1/3/2025 21:35,FirashAliff,pergi mampos korang punya menyesal babiii ekor keturunan babi mak bapak pandai main memang tersiall
negative,negative,25/7/2024 11:40,MalayaKristen,news zulfarhan osman zulkarnain murder belacan specie stray moral law islams allah satan guide misguid e whoever like murderous prophet also deserve deepest level hell compare adolf hiltles
positive,positive,16/5/2024 8:55,Mukhlis09_,hutang darah dibayar
positive,positive,26/7/2024 14:40,Farishaafrnaaa,sampai ada kematian memang patut disaman pihak pengurusan upnm terlibat secara langsung diambil tindakan alert kebajikan pelajar
negative,negative,1/3/2025 1:38,aimannhaakimm,orang buat patutnya experiment seterika kali dekat badan tengok semestinya mati berfungsi dr situ average berapa hidup
positive,positive,16/5/2024 1:52,fazz_dongiltiny,sokong buat ape nak bazir duit menyara pembunuh penjara
positive,positive,16/5/2024 2:07,Rainism08,yes punishment take
neutral,neutral,2/6/2017 23:23,mynameissyauqi,want aware bullyingturned murder case half hour agozulfarhan osman bin zulkarnain navy cadet upnm pass yo
positive,positive,26/7/2024 13:12,MekMomek72461,mulakan saman balik pakcik sekarang zaman madani jangan risau
positive,positive,9/7/2019 4:35,mixbear09,sempat ramai mendoakan supaya arwah dapat keadilan
negative,negative,10/4/2020 4:57,Arezhami,apelah susah nak hukum iron badan one
neutral,neutral,3/11/2021 7:03,BRosmainy,apa tindakan warden pihak pengurusan upnm dato sri
neutral,neutral,16/8/2018 14:26,malaymail,friend send poisonpen letter abuse zulfarhan osman avoid similar treatment
neutral,neutral,23/7/2024 5:55,nikhajarr,recap arwah zulfarhan murder case osman zulkarnain finalyear naval cadet upnm may accuse fellow cadet steal laptop lead tragic series event
negative,negative,1/3/2025 3:22,epirhotshot,mahkamah bukan sebelah dekat neraka memang terjun tiruk masuk terus xtau la bidang ilmu hgpa law macam mana tetapi bila ubah keputusan sepatutnya thats good luck sana nanti
neutral,neutral,23/1/2019 13:10,NST_Online,nstcourt witness saw one accuse cadet marine officer zulfarhan osman zulkarnain murder case hold steam iron
positive,positive,23/7/2024 4:44,tieamirul,alhamdulillah kau bunuh anak orang hancurkan hati ibu ayahnya nak lihat berjaya menyarung baju kebanggaan negara memang inilah balasan setimpal atas kamu
neutral,neutral,5/6/2017 11:31,MalaysiaGazette,individual may arrest murder zulfarhan osman
negative,negative,1/3/2025 2:11,SirRdiShah,berpuluh kali tekap cakap sengaja
positive,positive,23/7/2024 4:58,_user131095,alhamdulillah
negative,negative,4/11/2021 1:13,Ziziyan8,gerammm
negative,negative,1/3/2025 1:16,BilliBear3,membuli dikatakan sengaja
negative,negative,4/11/2021 7:11,licrazyrichasia,sapa kahwin pembunuhpembunuh arwah zulfarhan memang sah akal dekat buku lali
negative,negative,29/6/2018 12:18,seowonra,cepatlah hukum mati mandatori dekat dieorang allah geramnya jantan bodoh macam bukan manusia binatang namanya mak bapak anak membunuh still nak selamatkan alahai
negative,negative,3/11/2021 5:47,Norisma1906,kifarah ttp adawait seeuntuk hakim doakan jugak mendapat balasan setimpal atas ketidakadilan kes niallah swt pernah tidur
positive,positive,3/6/2017 7:00,SAYSPhilippines,know late navy cadet officer zulfarhan osman zulkarnain polite softspoken nature
neutral,neutral,15/11/2021 23:03,aliranmalaysia,kill cadet zulfarhan osman zulkarnain symptom something
negative,negative,1/3/2025 0:48,XC_nurulnad,dik benda sengaja ter islam sekali kalau dah kau tekap berkali bukan
neutral,neutral,14/5/2024 15:19,staronline,five former student universiti pertahanan nasional malaysia upnm withdrawn appeal conviction threeyear prison sentence injure cadet officer zulfarhan osman zulkarnain seven year ago
neutral,neutral,3/11/2021 7:11,staronline,verdict naval cadet zulfarhan osmans case hisham warn upnm armed force never let heinous act recur
negative,neutral,3/11/2021 5:43,baganmariiii,fcking laptop bomoh allegedly say zulfarhan stole get awayhe start
neutral,neutral,3/11/2021 6:46,Media_Selangor,selangor journal upnm maf tell let incident befall zulfarhan osman happen
neutral,neutral,31/7/2019 10:32,Daddylishes,murder zulfarhan osman
negative,negative,9/11/2024 1:22,kennichi1988,tutup upnm kalau issue buli terus menerus dekat sana
